id,createdAt,amount,currency,type,status,orderId,utr
"WISI-944","2026-02-08 21:06:33","1000","INR","PAYIN","PENDING","TEST_PAYIN_1770564993722",
"WISI-942","2026-02-08 21:06:20","1000","INR","PAYIN","PENDING","TEST_PAYIN_1770564980651",
"WISI-940","2026-02-08 21:06:02","1000","INR","PAYIN","PENDING","TEST_PAYIN_1770564962491",
"WISI-938","2026-02-08 21:05:48","1000","INR","PAYIN","PENDING","TEST_PAYIN_1770564948661",
"WISI-936","2026-02-08 21:05:29","1000","INR","PAYIN","PENDING","TEST_PAYIN_1770564929431",
"WISI-934","2026-02-08 21:00:40","1000","INR","PAYIN","PENDING","TEST_PAYIN_1770564640164",
"WISI-932","2026-02-08 21:00:26","1000","INR","PAYIN","PENDING","TEST_PAYIN_1770564626261",
"WISI-930","2026-02-08 20:59:02","1000","INR","PAYIN","PENDING","TEST_PAYIN_1770564542464",
"WISI-926","2026-02-08 20:54:04","1000","INR","PAYIN","PENDING","TEST_PAYIN_1770564244550",
"WISI-922","2026-02-08 20:48:59","1000","INR","PAYIN","PENDING","TEST_PAYIN_1770563939331",
"WISI-919","2026-02-08 20:47:53","1000","INR","PAYIN","PENDING","TEST_PAYIN_1770563873172",
"WISI-915","2026-02-08 20:42:18","1000","INR","PAYIN","PENDING","TEST_PAYIN_1770563538661",
"WISI-913","2026-02-08 20:41:24","1000","INR","PAYIN","PENDING","TEST_PAYIN_1770563484601",
"WISI-912","2026-02-08 20:41:06","100000","INR","PAYIN","PENDING","SEED_1770563466509",
"WISI-910","2026-02-08 20:37:14","1000","INR","PAYIN","PENDING","TEST_PAYIN_1770563234398",
"WISI-908","2026-02-08 20:21:26","1000","INR","PAYIN","PENDING","PY_1770562285848",
"WISI-892","2026-02-08 19:46:07","115","INR","PAYIN","PENDING","TX_167962_15",
"WISI-891","2026-02-08 19:46:07","114","INR","PAYIN","PENDING","TX_167846_14",
"WISI-890","2026-02-08 19:46:07","113","INR","PAYIN","PENDING","TX_167728_13",
"WISI-889","2026-02-08 19:46:07","112","INR","PAYIN","PENDING","TX_167613_12",
"WISI-888","2026-02-08 19:46:07","111","INR","PAYIN","PENDING","TX_167497_11",
"WISI-887","2026-02-08 19:46:07","110","INR","PAYIN","PENDING","TX_167380_10",
"WISI-886","2026-02-08 19:46:07","109","INR","PAYIN","PENDING","TX_167261_9",
"WISI-885","2026-02-08 19:46:07","108","INR","PAYIN","PENDING","TX_167144_8",
"WISI-884","2026-02-08 19:46:07","107","INR","PAYIN","PENDING","TX_167026_7",
"WISI-883","2026-02-08 19:46:06","106","INR","PAYIN","PENDING","TX_166909_6",
"WISI-882","2026-02-08 19:46:06","105","INR","PAYIN","PENDING","TX_166785_5",
"WISI-881","2026-02-08 19:46:06","104","INR","PAYIN","PENDING","TX_166664_4",
"WISI-880","2026-02-08 19:46:06","103","INR","PAYIN","PENDING","TX_166526_3",
"WISI-879","2026-02-08 19:46:06","102","INR","PAYIN","PENDING","TX_166397_2",
"WISI-878","2026-02-08 19:46:06","101","INR","PAYIN","PENDING","TX_166261_1",
"WISI-862","2026-02-08 19:42:30","115","INR","PAYIN","PENDING","TX_950793_15",
"WISI-861","2026-02-08 19:42:30","114","INR","PAYIN","PENDING","TX_950678_14",
"WISI-860","2026-02-08 19:42:30","113","INR","PAYIN","PENDING","TX_950560_13",
"WISI-859","2026-02-08 19:42:30","112","INR","PAYIN","PENDING","TX_950441_12",
"WISI-858","2026-02-08 19:42:30","111","INR","PAYIN","PENDING","TX_950322_11",
"WISI-857","2026-02-08 19:42:30","110","INR","PAYIN","PENDING","TX_950204_10",
"WISI-856","2026-02-08 19:42:30","109","INR","PAYIN","PENDING","TX_950084_9",
"WISI-855","2026-02-08 19:42:29","108","INR","PAYIN","PENDING","TX_949964_8",
"WISI-854","2026-02-08 19:42:29","107","INR","PAYIN","PENDING","TX_949843_7",
"WISI-853","2026-02-08 19:42:29","106","INR","PAYIN","PENDING","TX_949725_6",
"WISI-852","2026-02-08 19:42:29","105","INR","PAYIN","PENDING","TX_949598_5",
"WISI-851","2026-02-08 19:42:29","104","INR","PAYIN","PENDING","TX_949475_4",
"WISI-850","2026-02-08 19:42:29","103","INR","PAYIN","PENDING","TX_949354_3",
"WISI-849","2026-02-08 19:42:29","102","INR","PAYIN","PENDING","TX_949223_2",
"WISI-848","2026-02-08 19:42:29","101","INR","PAYIN","PENDING","TX_948942_1",
"WISI-832","2026-02-08 19:41:24","115","INR","PAYIN","PENDING","TX_884865_15",
"WISI-831","2026-02-08 19:41:24","114","INR","PAYIN","PENDING","TX_884749_14",
"WISI-830","2026-02-08 19:41:24","113","INR","PAYIN","PENDING","TX_884629_13",
"WISI-829","2026-02-08 19:41:24","112","INR","PAYIN","PENDING","TX_884513_12",
"WISI-828","2026-02-08 19:41:24","111","INR","PAYIN","PENDING","TX_884389_11",
"WISI-827","2026-02-08 19:41:24","110","INR","PAYIN","PENDING","TX_884269_10",
"WISI-826","2026-02-08 19:41:24","109","INR","PAYIN","PENDING","TX_884151_9",
"WISI-825","2026-02-08 19:41:24","108","INR","PAYIN","PENDING","TX_884033_8",
"WISI-824","2026-02-08 19:41:23","107","INR","PAYIN","PENDING","TX_883916_7",
"WISI-823","2026-02-08 19:41:23","106","INR","PAYIN","PENDING","TX_883788_6",
"WISI-822","2026-02-08 19:41:23","105","INR","PAYIN","PENDING","TX_883667_5",
"WISI-821","2026-02-08 19:41:23","104","INR","PAYIN","PENDING","TX_883544_4",
"WISI-820","2026-02-08 19:41:23","103","INR","PAYIN","PENDING","TX_883421_3",
"WISI-819","2026-02-08 19:41:23","102","INR","PAYIN","PENDING","TX_883296_2",
"WISI-818","2026-02-08 19:41:23","101","INR","PAYIN","PENDING","TX_883039_1",
"WISI-802","2026-02-08 19:39:42","115","INR","PAYIN","PENDING","TX_782460_15",
"WISI-801","2026-02-08 19:39:42","114","INR","PAYIN","PENDING","TX_782343_14",
"WISI-800","2026-02-08 19:39:42","113","INR","PAYIN","PENDING","TX_782225_13",
"WISI-799","2026-02-08 19:39:42","112","INR","PAYIN","PENDING","TX_782108_12",
"WISI-798","2026-02-08 19:39:42","111","INR","PAYIN","PENDING","TX_781992_11",
"WISI-797","2026-02-08 19:39:41","110","INR","PAYIN","PENDING","TX_781875_10",
"WISI-796","2026-02-08 19:39:41","109","INR","PAYIN","PENDING","TX_781758_9",
"WISI-795","2026-02-08 19:39:41","108","INR","PAYIN","PENDING","TX_781641_8",
"WISI-794","2026-02-08 19:39:41","107","INR","PAYIN","PENDING","TX_781525_7",
"WISI-793","2026-02-08 19:39:41","106","INR","PAYIN","PENDING","TX_781408_6",
"WISI-792","2026-02-08 19:39:41","105","INR","PAYIN","PENDING","TX_781288_5",
"WISI-791","2026-02-08 19:39:41","104","INR","PAYIN","PENDING","TX_781168_4",
"WISI-790","2026-02-08 19:39:41","103","INR","PAYIN","PENDING","TX_781048_3",
"WISI-789","2026-02-08 19:39:40","102","INR","PAYIN","PENDING","TX_780926_2",
"WISI-788","2026-02-08 19:39:40","101","INR","PAYIN","PENDING","TX_780796_1",
"WISI-772","2026-02-08 19:38:58","115","INR","PAYIN","PENDING","TX_738005_15",
"WISI-771","2026-02-08 19:38:57","114","INR","PAYIN","PENDING","TX_737885_14",
"WISI-770","2026-02-08 19:38:57","113","INR","PAYIN","PENDING","TX_737765_13",
"WISI-769","2026-02-08 19:38:57","112","INR","PAYIN","PENDING","TX_737646_12",
"WISI-768","2026-02-08 19:38:57","111","INR","PAYIN","PENDING","TX_737520_11",
"WISI-767","2026-02-08 19:38:57","110","INR","PAYIN","PENDING","TX_737393_10",
"WISI-766","2026-02-08 19:38:57","109","INR","PAYIN","PENDING","TX_737269_9",
"WISI-765","2026-02-08 19:38:57","108","INR","PAYIN","PENDING","TX_737150_8",
"WISI-764","2026-02-08 19:38:57","107","INR","PAYIN","PENDING","TX_737032_7",
"WISI-763","2026-02-08 19:38:56","106","INR","PAYIN","PENDING","TX_736914_6",
"WISI-762","2026-02-08 19:38:56","105","INR","PAYIN","PENDING","TX_736784_5",
"WISI-761","2026-02-08 19:38:56","104","INR","PAYIN","PENDING","TX_736662_4",
"WISI-760","2026-02-08 19:38:56","103","INR","PAYIN","PENDING","TX_736538_3",
"WISI-759","2026-02-08 19:38:56","102","INR","PAYIN","PENDING","TX_736410_2",
"WISI-758","2026-02-08 19:38:56","101","INR","PAYIN","PENDING","TX_736088_1",
"WISI-742","2026-02-08 19:11:56","115","INR","PAYIN","SUCCESS","TX_116212_15",
"WISI-741","2026-02-08 19:11:56","114","INR","PAYIN","SUCCESS","TX_116188_14",
"WISI-740","2026-02-08 19:11:56","113","INR","PAYIN","SUCCESS","TX_116163_13",
"WISI-739","2026-02-08 19:11:56","112","INR","PAYIN","SUCCESS","TX_116134_12",
"WISI-738","2026-02-08 19:11:56","111","INR","PAYIN","SUCCESS","TX_116105_11",
"WISI-737","2026-02-08 19:11:56","110","INR","PAYIN","SUCCESS","TX_116072_10",
"WISI-736","2026-02-08 19:11:56","109","INR","PAYIN","SUCCESS","TX_116043_9",
"WISI-735","2026-02-08 19:11:56","108","INR","PAYIN","SUCCESS","TX_116010_8",
"WISI-734","2026-02-08 19:11:55","107","INR","PAYIN","SUCCESS","TX_115983_7",
"WISI-733","2026-02-08 19:11:55","106","INR","PAYIN","SUCCESS","TX_115953_6",
"WISI-732","2026-02-08 19:11:55","105","INR","PAYIN","SUCCESS","TX_115915_5",
"WISI-731","2026-02-08 19:11:55","104","INR","PAYIN","SUCCESS","TX_115879_4",
"WISI-730","2026-02-08 19:11:55","103","INR","PAYIN","SUCCESS","TX_115845_3",
"WISI-729","2026-02-08 19:11:55","102","INR","PAYIN","SUCCESS","TX_115807_2",
"WISI-728","2026-02-08 19:11:55","101","INR","PAYIN","SUCCESS","TX_115747_1",
"WISI-712","2026-02-08 19:11:22","115","INR","PAYIN","SUCCESS","TX_082561_15",
"WISI-711","2026-02-08 19:11:22","114","INR","PAYIN","SUCCESS","TX_082433_14",
"WISI-710","2026-02-08 19:11:22","113","INR","PAYIN","SUCCESS","TX_082305_13",
"WISI-709","2026-02-08 19:11:22","112","INR","PAYIN","SUCCESS","TX_082178_12",
"WISI-708","2026-02-08 19:11:22","111","INR","PAYIN","SUCCESS","TX_082051_11",
"WISI-707","2026-02-08 19:11:21","110","INR","PAYIN","SUCCESS","TX_081924_10",
"WISI-706","2026-02-08 19:11:21","109","INR","PAYIN","SUCCESS","TX_081797_9",
"WISI-705","2026-02-08 19:11:21","108","INR","PAYIN","SUCCESS","TX_081669_8",
"WISI-704","2026-02-08 19:11:21","107","INR","PAYIN","SUCCESS","TX_081532_7",
"WISI-703","2026-02-08 19:11:21","106","INR","PAYIN","SUCCESS","TX_081403_6",
"WISI-702","2026-02-08 19:11:21","105","INR","PAYIN","SUCCESS","TX_081264_5",
"WISI-701","2026-02-08 19:11:21","104","INR","PAYIN","SUCCESS","TX_081129_4",
"WISI-700","2026-02-08 19:11:21","103","INR","PAYIN","SUCCESS","TX_080997_3",
"WISI-699","2026-02-08 19:11:20","102","INR","PAYIN","SUCCESS","TX_080858_2",
"WISI-698","2026-02-08 19:11:20","101","INR","PAYIN","SUCCESS","TX_080698_1",
"WISI-682","2026-02-08 19:10:26","115","INR","PAYIN","SUCCESS","TX_026262_15",
"WISI-681","2026-02-08 19:10:26","114","INR","PAYIN","SUCCESS","TX_026137_14",
"WISI-680","2026-02-08 19:10:26","113","INR","PAYIN","SUCCESS","TX_026010_13",
"WISI-679","2026-02-08 19:10:25","112","INR","PAYIN","SUCCESS","TX_025884_12",
"WISI-678","2026-02-08 19:10:25","111","INR","PAYIN","SUCCESS","TX_025757_11",
"WISI-677","2026-02-08 19:10:25","110","INR","PAYIN","SUCCESS","TX_025628_10",
"WISI-676","2026-02-08 19:10:25","109","INR","PAYIN","SUCCESS","TX_025500_9",
"WISI-675","2026-02-08 19:10:25","108","INR","PAYIN","SUCCESS","TX_025373_8",
"WISI-674","2026-02-08 19:10:25","107","INR","PAYIN","SUCCESS","TX_025243_7",
"WISI-673","2026-02-08 19:10:25","106","INR","PAYIN","SUCCESS","TX_025115_6",
"WISI-672","2026-02-08 19:10:24","105","INR","PAYIN","SUCCESS","TX_024981_5",
"WISI-671","2026-02-08 19:10:24","104","INR","PAYIN","SUCCESS","TX_024843_4",
"WISI-670","2026-02-08 19:10:24","103","INR","PAYIN","SUCCESS","TX_024706_3",
"WISI-669","2026-02-08 19:10:24","102","INR","PAYIN","SUCCESS","TX_024565_2",
"WISI-668","2026-02-08 19:10:24","101","INR","PAYIN","SUCCESS","TX_024397_1",
"WISI-652","2026-02-08 19:09:10","115","INR","PAYIN","SUCCESS","TX_950891_15",
"WISI-651","2026-02-08 19:09:10","114","INR","PAYIN","SUCCESS","TX_950768_14",
"WISI-650","2026-02-08 19:09:10","113","INR","PAYIN","SUCCESS","TX_950649_13",
"WISI-649","2026-02-08 19:09:10","112","INR","PAYIN","SUCCESS","TX_950529_12",
"WISI-648","2026-02-08 19:09:10","111","INR","PAYIN","SUCCESS","TX_950411_11",
"WISI-647","2026-02-08 19:09:10","110","INR","PAYIN","SUCCESS","TX_950293_10",
"WISI-646","2026-02-08 19:09:10","109","INR","PAYIN","SUCCESS","TX_950173_9",
"WISI-645","2026-02-08 19:09:10","108","INR","PAYIN","SUCCESS","TX_950054_8",
"WISI-644","2026-02-08 19:09:09","107","INR","PAYIN","SUCCESS","TX_949937_7",
"WISI-643","2026-02-08 19:09:09","106","INR","PAYIN","SUCCESS","TX_949820_6",
"WISI-642","2026-02-08 19:09:09","105","INR","PAYIN","SUCCESS","TX_949696_5",
"WISI-641","2026-02-08 19:09:09","104","INR","PAYIN","SUCCESS","TX_949564_4",
"WISI-640","2026-02-08 19:09:09","103","INR","PAYIN","SUCCESS","TX_949434_3",
"WISI-639","2026-02-08 19:09:09","102","INR","PAYIN","SUCCESS","TX_949303_2",
"WISI-638","2026-02-08 19:09:09","101","INR","PAYIN","SUCCESS","TX_949149_1",
"WISI-622","2026-02-08 19:06:11","115","INR","PAYIN","SUCCESS","TX_771211_15",
"WISI-621","2026-02-08 19:06:11","114","INR","PAYIN","SUCCESS","TX_771184_14",
"WISI-620","2026-02-08 19:06:11","113","INR","PAYIN","SUCCESS","TX_771156_13",
"WISI-619","2026-02-08 19:06:11","112","INR","PAYIN","SUCCESS","TX_771126_12",
"WISI-618","2026-02-08 19:06:11","111","INR","PAYIN","SUCCESS","TX_771098_11",
"WISI-617","2026-02-08 19:06:11","110","INR","PAYIN","SUCCESS","TX_771071_10",
"WISI-616","2026-02-08 19:06:11","109","INR","PAYIN","SUCCESS","TX_771040_9",
"WISI-615","2026-02-08 19:06:11","108","INR","PAYIN","SUCCESS","TX_771016_8",
"WISI-614","2026-02-08 19:06:11","107","INR","PAYIN","SUCCESS","TX_770989_7",
"WISI-613","2026-02-08 19:06:10","106","INR","PAYIN","SUCCESS","TX_770963_6",
"WISI-612","2026-02-08 19:06:10","105","INR","PAYIN","SUCCESS","TX_770928_5",
"WISI-611","2026-02-08 19:06:10","104","INR","PAYIN","SUCCESS","TX_770896_4",
"WISI-610","2026-02-08 19:06:10","103","INR","PAYIN","SUCCESS","TX_770859_3",
"WISI-609","2026-02-08 19:06:10","102","INR","PAYIN","SUCCESS","TX_770825_2",
"WISI-608","2026-02-08 19:06:10","101","INR","PAYIN","SUCCESS","TX_770770_1",
"WISI-592","2026-02-08 19:05:10","115","INR","PAYIN","SUCCESS","TX_710433_15",
"WISI-591","2026-02-08 19:05:10","114","INR","PAYIN","SUCCESS","TX_710404_14",
"WISI-590","2026-02-08 19:05:10","113","INR","PAYIN","SUCCESS","TX_710376_13",
"WISI-589","2026-02-08 19:05:10","112","INR","PAYIN","SUCCESS","TX_710349_12",
"WISI-588","2026-02-08 19:05:10","111","INR","PAYIN","SUCCESS","TX_710322_11",
"WISI-587","2026-02-08 19:05:10","110","INR","PAYIN","SUCCESS","TX_710295_10",
"WISI-586","2026-02-08 19:05:10","109","INR","PAYIN","SUCCESS","TX_710268_9",
"WISI-585","2026-02-08 19:05:10","108","INR","PAYIN","SUCCESS","TX_710242_8",
"WISI-584","2026-02-08 19:05:10","107","INR","PAYIN","SUCCESS","TX_710216_7",
"WISI-583","2026-02-08 19:05:10","106","INR","PAYIN","SUCCESS","TX_710188_6",
"WISI-582","2026-02-08 19:05:10","105","INR","PAYIN","SUCCESS","TX_710156_5",
"WISI-581","2026-02-08 19:05:10","104","INR","PAYIN","SUCCESS","TX_710123_4",
"WISI-580","2026-02-08 19:05:10","103","INR","PAYIN","SUCCESS","TX_710090_3",
"WISI-579","2026-02-08 19:05:10","102","INR","PAYIN","SUCCESS","TX_710055_2",
"WISI-578","2026-02-08 19:05:10","101","INR","PAYIN","SUCCESS","TX_709981_1",
"WISI-577","2026-02-08 19:03:29","130","INR","PAYIN","FAILED","TX_609311_30",
"WISI-575","2026-02-08 19:03:29","128","INR","PAYIN","FAILED","TX_609253_28",
"WISI-573","2026-02-08 19:03:29","126","INR","PAYIN","FAILED","TX_609210_26",
"WISI-571","2026-02-08 19:03:29","124","INR","PAYIN","FAILED","TX_609164_24",
"WISI-569","2026-02-08 19:03:29","122","INR","PAYIN","FAILED","TX_609118_22",
"WISI-567","2026-02-08 19:03:29","120","INR","PAYIN","FAILED","TX_609072_20",
"WISI-565","2026-02-08 19:03:29","118","INR","PAYIN","FAILED","TX_609025_18",
"WISI-563","2026-02-08 19:03:28","116","INR","PAYIN","FAILED","TX_608977_16",
"WISI-561","2026-02-08 19:03:28","114","INR","PAYIN","FAILED","TX_608931_14",
"WISI-559","2026-02-08 19:03:28","112","INR","PAYIN","FAILED","TX_608884_12",
"WISI-557","2026-02-08 19:03:28","110","INR","PAYIN","FAILED","TX_608836_10",
"WISI-555","2026-02-08 19:03:28","108","INR","PAYIN","FAILED","TX_608785_8",
"WISI-553","2026-02-08 19:03:28","106","INR","PAYIN","FAILED","TX_608736_6",
"WISI-551","2026-02-08 19:03:28","104","INR","PAYIN","FAILED","TX_608673_4",
"WISI-549","2026-02-08 19:03:28","102","INR","PAYIN","FAILED","TX_608601_2",
"WISI-547","2026-02-08 19:01:17","130","INR","PAYIN","FAILED","TX_477171_30",
"WISI-545","2026-02-08 19:01:17","128","INR","PAYIN","FAILED","TX_477120_28",
"WISI-543","2026-02-08 19:01:17","126","INR","PAYIN","FAILED","TX_477074_26",
"WISI-541","2026-02-08 19:01:17","124","INR","PAYIN","FAILED","TX_477023_24",
"WISI-539","2026-02-08 19:01:16","122","INR","PAYIN","FAILED","TX_476972_22",
"WISI-537","2026-02-08 19:01:16","120","INR","PAYIN","FAILED","TX_476918_20",
"WISI-535","2026-02-08 19:01:16","118","INR","PAYIN","FAILED","TX_476869_18",
"WISI-533","2026-02-08 19:01:16","116","INR","PAYIN","FAILED","TX_476817_16",
"WISI-531","2026-02-08 19:01:16","114","INR","PAYIN","FAILED","TX_476767_14",
"WISI-529","2026-02-08 19:01:16","112","INR","PAYIN","FAILED","TX_476710_12",
"WISI-527","2026-02-08 19:01:16","110","INR","PAYIN","FAILED","TX_476647_10",
"WISI-525","2026-02-08 19:01:16","108","INR","PAYIN","FAILED","TX_476593_8",
"WISI-523","2026-02-08 19:01:16","106","INR","PAYIN","FAILED","TX_476531_6",
"WISI-521","2026-02-08 19:01:16","104","INR","PAYIN","FAILED","TX_476451_4",
"WISI-519","2026-02-08 19:01:16","102","INR","PAYIN","FAILED","TX_476378_2",
"WISI-517","2026-02-08 19:00:06","130","INR","PAYIN","FAILED","TX_406289_30",
"WISI-515","2026-02-08 19:00:06","128","INR","PAYIN","FAILED","TX_406261_28",
"WISI-513","2026-02-08 19:00:06","126","INR","PAYIN","FAILED","TX_406231_26",
"WISI-511","2026-02-08 19:00:06","124","INR","PAYIN","FAILED","TX_406198_24",
"WISI-509","2026-02-08 19:00:06","122","INR","PAYIN","FAILED","TX_406162_22",
"WISI-507","2026-02-08 19:00:06","120","INR","PAYIN","FAILED","TX_406118_20",
"WISI-505","2026-02-08 19:00:06","118","INR","PAYIN","FAILED","TX_406062_18",
"WISI-503","2026-02-08 19:00:06","116","INR","PAYIN","FAILED","TX_405999_16",
"WISI-501","2026-02-08 19:00:05","114","INR","PAYIN","FAILED","TX_405937_14",
"WISI-499","2026-02-08 19:00:05","112","INR","PAYIN","FAILED","TX_405873_12",
"WISI-497","2026-02-08 19:00:05","110","INR","PAYIN","FAILED","TX_405817_10",
"WISI-495","2026-02-08 19:00:05","108","INR","PAYIN","FAILED","TX_405757_8",
"WISI-493","2026-02-08 19:00:05","106","INR","PAYIN","FAILED","TX_405700_6",
"WISI-491","2026-02-08 19:00:05","104","INR","PAYIN","FAILED","TX_405625_4",
"WISI-489","2026-02-08 19:00:05","102","INR","PAYIN","FAILED","TX_405516_2",
"WISI-487","2026-02-08 18:57:06","130","INR","PAYIN","PENDING","TX_226073_30",
"WISI-485","2026-02-08 18:57:06","128","INR","PAYIN","PENDING","TX_226035_28",
"WISI-483","2026-02-08 18:57:06","126","INR","PAYIN","PENDING","TX_225995_26",
"WISI-481","2026-02-08 18:57:05","124","INR","PAYIN","PENDING","TX_225956_24",
"WISI-479","2026-02-08 18:57:05","122","INR","PAYIN","PENDING","TX_225917_22",
"WISI-477","2026-02-08 18:57:05","120","INR","PAYIN","PENDING","TX_225877_20",
"WISI-475","2026-02-08 18:57:05","118","INR","PAYIN","PENDING","TX_225836_18",
"WISI-473","2026-02-08 18:57:05","116","INR","PAYIN","PENDING","TX_225795_16",
"WISI-471","2026-02-08 18:57:05","114","INR","PAYIN","PENDING","TX_225746_14",
"WISI-469","2026-02-08 18:57:05","112","INR","PAYIN","PENDING","TX_225698_12",
"WISI-467","2026-02-08 18:57:05","110","INR","PAYIN","PENDING","TX_225646_10",
"WISI-465","2026-02-08 18:57:05","108","INR","PAYIN","PENDING","TX_225594_8",
"WISI-463","2026-02-08 18:57:05","106","INR","PAYIN","PENDING","TX_225543_6",
"WISI-461","2026-02-08 18:57:05","104","INR","PAYIN","PENDING","TX_225482_4",
"WISI-459","2026-02-08 18:57:05","102","INR","PAYIN","PENDING","TX_225417_2",
"WISI-432","2026-02-08 18:55:57","150","INR","PAYIN","PENDING","TX_156979_50",
"WISI-429","2026-02-08 18:55:57","148","INR","PAYIN","PENDING","TX_156951_48",
"WISI-428","2026-02-08 18:55:56","146","INR","PAYIN","PENDING","TX_156932_46",
"WISI-426","2026-02-08 18:55:56","144","INR","PAYIN","PENDING","TX_156907_44",
"WISI-424","2026-02-08 18:55:56","142","INR","PAYIN","PENDING","TX_156873_42",
"WISI-422","2026-02-08 18:55:56","140","INR","PAYIN","PENDING","TX_156855_40",
"WISI-420","2026-02-08 18:55:56","138","INR","PAYIN","PENDING","TX_156830_38",
"WISI-418","2026-02-08 18:55:56","136","INR","PAYIN","PENDING","TX_156810_36",
"WISI-415","2026-02-08 18:55:56","134","INR","PAYIN","PENDING","TX_156781_34",
"WISI-414","2026-02-08 18:55:56","132","INR","PAYIN","PENDING","TX_156757_32",
"WISI-412","2026-02-08 18:55:56","130","INR","PAYIN","PENDING","TX_156731_30",
"WISI-410","2026-02-08 18:55:56","128","INR","PAYIN","PENDING","TX_156711_28",
"WISI-408","2026-02-08 18:55:56","126","INR","PAYIN","PENDING","TX_156688_26",
"WISI-406","2026-02-08 18:55:56","124","INR","PAYIN","PENDING","TX_156648_24",
"WISI-404","2026-02-08 18:55:56","122","INR","PAYIN","PENDING","TX_156635_22",
"WISI-401","2026-02-08 18:55:56","120","INR","PAYIN","PENDING","TX_156595_20",
"WISI-399","2026-02-08 18:55:56","118","INR","PAYIN","PENDING","TX_156574_18",
"WISI-397","2026-02-08 18:55:56","116","INR","PAYIN","PENDING","TX_156521_16",
"WISI-395","2026-02-08 18:55:56","114","INR","PAYIN","PENDING","TX_156502_14",
"WISI-394","2026-02-08 18:55:56","112","INR","PAYIN","PENDING","TX_156487_12",
"WISI-391","2026-02-08 18:55:56","108","INR","PAYIN","PENDING","TX_156435_8",
"WISI-390","2026-02-08 18:55:56","110","INR","PAYIN","PENDING","TX_156445_10",
"WISI-388","2026-02-08 18:55:56","106","INR","PAYIN","PENDING","TX_156392_6",
"WISI-383","2026-02-08 18:55:56","102","INR","PAYIN","PENDING","TX_156310_2",
"WISI-384","2026-02-08 18:55:56","104","INR","PAYIN","PENDING","TX_156312_4",
"WISI-382","2026-02-08 18:55:20","196","INR","PAYIN","PENDING","TX_1770557120308_96_58ltj",
"WISI-381","2026-02-08 18:55:20","188","INR","PAYIN","PENDING","TX_1770557120284_88_k7wlw",
"WISI-380","2026-02-08 18:55:20","182","INR","PAYIN","PENDING","TX_1770557120253_82_7c30e",
"WISI-377","2026-02-08 18:55:20","178","INR","PAYIN","PENDING","TX_1770557120210_78_qlbbr",
"WISI-376","2026-02-08 18:55:20","174","INR","PAYIN","PENDING","TX_1770557120203_74_yt58g",
"WISI-373","2026-02-08 18:55:20","156","INR","PAYIN","PENDING","TX_1770557120121_56_pntz",
"WISI-367","2026-02-08 18:55:20","130","INR","PAYIN","PENDING","TX_1770557119993_30_gvwp8",
"WISI-364","2026-02-08 18:55:19","120","INR","PAYIN","PENDING","TX_1770557119913_20_4kl8g",
"WISI-363","2026-02-08 18:55:19","118","INR","PAYIN","PENDING","TX_1770557119909_18_auoo1",
"WISI-359","2026-02-08 18:55:19","110","INR","PAYIN","PENDING","TX_1770557119845_10_ckwge",
"WISI-358","2026-02-08 18:55:19","108","INR","PAYIN","PENDING","TX_1770557119829_8_5grrpd",
"WISI-356","2026-02-08 18:55:19","106","INR","PAYIN","PENDING","TX_1770557119794_6_fhl2t7",
"WISI-352","2026-02-08 18:55:19","104","INR","PAYIN","PENDING","TX_1770557119725_4_gzwlsu",
"WISI-351","2026-02-08 18:55:19","102","INR","PAYIN","PENDING","TX_1770557119724_2_ui51ro",
"WISI-325","2026-02-08 18:54:09","150","INR","PAYIN","PENDING","TX_57049082_50",
"WISI-323","2026-02-08 18:54:09","148","INR","PAYIN","PENDING","TX_57049064_48",
"WISI-320","2026-02-08 18:54:09","146","INR","PAYIN","PENDING","TX_57049042_46",
"WISI-319","2026-02-08 18:54:09","144","INR","PAYIN","PENDING","TX_57049026_44",
"WISI-316","2026-02-08 18:54:09","142","INR","PAYIN","PENDING","TX_57049006_42",
"WISI-314","2026-02-08 18:54:09","140","INR","PAYIN","PENDING","TX_57048991_40",
"WISI-312","2026-02-08 18:54:09","138","INR","PAYIN","PENDING","TX_57048973_38",
"WISI-310","2026-02-08 18:54:08","136","INR","PAYIN","PENDING","TX_57048961_36",
"WISI-309","2026-02-08 18:54:08","134","INR","PAYIN","PENDING","TX_57048952_34",
"WISI-306","2026-02-08 18:54:08","132","INR","PAYIN","PENDING","TX_57048930_32",
"WISI-304","2026-02-08 18:54:08","130","INR","PAYIN","PENDING","TX_57048919_30",
"WISI-302","2026-02-08 18:54:08","128","INR","PAYIN","PENDING","TX_57048900_28",
"WISI-300","2026-02-08 18:54:08","126","INR","PAYIN","PENDING","TX_57048885_26",
"WISI-298","2026-02-08 18:54:08","124","INR","PAYIN","PENDING","TX_57048872_24",
"WISI-297","2026-02-08 18:54:08","122","INR","PAYIN","PENDING","TX_57048853_22",
"WISI-294","2026-02-08 18:54:08","120","INR","PAYIN","PENDING","TX_57048842_20",
"WISI-293","2026-02-08 18:54:08","118","INR","PAYIN","PENDING","TX_57048829_18",
"WISI-290","2026-02-08 18:54:08","116","INR","PAYIN","PENDING","TX_57048802_16",
"WISI-288","2026-02-08 18:54:08","114","INR","PAYIN","PENDING","TX_57048799_14",
"WISI-287","2026-02-08 18:54:08","112","INR","PAYIN","PENDING","TX_57048773_12",
"WISI-284","2026-02-08 18:54:08","110","INR","PAYIN","PENDING","TX_57048756_10",
"WISI-283","2026-02-08 18:54:08","108","INR","PAYIN","PENDING","TX_57048743_8",
"WISI-281","2026-02-08 18:54:08","106","INR","PAYIN","PENDING","TX_57048721_6",
"WISI-276","2026-02-08 18:54:08","102","INR","PAYIN","PENDING","TX_57048665_2",
"WISI-277","2026-02-08 18:54:08","104","INR","PAYIN","PENDING","TX_57048666_4",